price,totsp,livesp,kitsp,dist,metrdist,walk,brick,floor
730,134,102,10,9,10,1,1,1
477,119,93,15,9,1,1,0,1
350,80,44,14,10.5,10,1,1,0
410,102,75,10,6.5,5,1,1,1
50,63,47,7,12,20,0,1,0
340,83,49,19,9,5,1,1,1
285,90,61,6,14.5,10,1,0,1
470,146,86,16,14.5,5,1,1,1
135,105,58,21,13.5,15,1,1,1
470,120,75,18,9,10,1,1,1
450,125,80,20,9,3,1,0,1
87,90,57,13,14.5,15,1,1,1
142,125,66,19,10.5,10,1,0,1
73,77,45,10,5,7,1,0,1
126,119,67,17,15.5,10,1,0,0
350,90,62,12,10.5,5,0,0,1
270,82,49,13,8,15,1,0,1
420,102,70,20,3,2,1,1,1
52,86,46,9,12,10,0,0,1
530,150,80,15,7.5,7,1,1,1
127,119,68,15,15.5,10,1,0,1
170,53,33,9,3,10,1,1,1
116,77,45,18,6,7,0,0,1
84,74,41,12,7,3,1,0,1
350,113,85,20,9,10,1,0,1
130,109,51,16,13.5,10,0,1,1
223,63,38,7,7.5,3,1,1,1
285,90,57,7,3,3,1,0,1
175,112,78,16,7,10,1,1,1
190,106,58,24,9,5,0,0,1
56,68,43,7,13.5,10,0,1,1
310,100,62,17,4.5,15,1,0,1
100,77,50,6,3.5,3,1,1,1
135,65,39,7,12,15,0,0,0
260,107,58,14,13,1,1,0,1
125,93,66,9,6,5,1,1,0
220,148,85,14,14.5,7,0,1,1
280,108,65,14,14.5,15,1,1,1
299,100,65,11,9,10,1,0,1
147,111,65,16,14.5,6,0,1,1
174,130,71,16,14.5,4,0,0,1
92,85,53,10,12,15,1,1,0
207,134,77,21,15.5,5,1,0,1
360,103,80,14,3,3,1,1,1
260,80,46,12,9,2,1,1,1
160,57,42,8,3.5,5,1,1,1
250,100,50,15,12.7,5,1,0,1
352,108,81,16,4.5,10,1,1,1
210,71,45,15,9,1,1,1,1
170,98,73,12,6,1,1,1,0
210,71,45,6,9,1,1,1,1
99,79,62,6,17,2,1,1,0
260,70,45,8,8,7,1,1,0
340,121,72,13,12.5,3,1,1,1
82,62,32,7,6,5,1,1,0
215,67,42,9,7.5,3,1,1,1
72,64,43,7,6,7,1,0,1
252,132,74,23,12.5,3,1,1,0
199,127,62,20,13.5,10,0,1,1
371,120,59,15,7,10,0,0,1
371,120,59,15,7,10,0,0,1
250,74,56,8,4.5,7,1,1,1
151,111,64,16,14.5,10,0,1,1
160,119,68,10,11,7,1,1,0
190,73,41,11,3.5,1,1,1,1
180,71,42,8,7,15,0,0,1
299,99,65,11,9,10,1,1,1
250,74,47,10,3,5,1,1,0
200,85,54,14,14.5,15,1,0,1
210,94,59,11,12.7,2,1,1,1
132,94,60,11,6.5,3,1,0,0
150,112,64,16,14.5,5,0,0,1
120,56,42,6,12,5,1,1,1
330,104,60,11,10.5,7,0,1,1
460,153,84,18,9,5,1,1,1
370,111,60,13,8,5,1,1,1
380,130,72,15,7,5,0,0,1
126,84,56,9,3.5,4,1,1,1
299,100,75,12,6.5,5,1,1,1
150,92,69,8,4.5,10,1,1,1
79,65,45,7,6,7,1,0,1
120,66,40,19,7.5,10,1,1,1
230,103,51,14,14.5,15,1,1,1
210,80,42,20,8,5,1,0,1
160,68,44,8,17,5,1,0,1
230,95,64,10,10.5,15,1,1,1
90,64,39,9,6,5,0,1,1
150,108,56,15,11,5,1,1,1
200,90,60,10,12,10,1,1,1
190,85,53,12,12,3,1,0,0
96,76,53,8,6,10,0,1,1
130,56,40,5,3.5,10,1,1,0
185,66,44,6,9,3,1,1,0
240,81,54,8,9,3,1,1,0
150,54,39,6,7,3,1,1,1
135,84,55,11,3,15,1,1,1
110,85,54,10,6,10,0,1,1
130,56,42,7,14.5,3,1,1,1
120,75,48,11,3,15,1,1,1
450,145,82,14,4.5,3,1,1,1
180,83,53,8,12,5,1,1,1
170,92,62,18,6,7,1,1,1
315,118,54,12,3.5,2,1,1,1
160,92,69,14,4.5,10,1,1,1
245,80,49,10,3,10,1,1,0
152,108,56,15,11,5,1,1,1
113,91,52,9,6.5,10,1,1,1
451,156,80,20,10.5,5,0,1,1
73,53,34,6,7.5,3,1,1,0
309,107,72,17,10.5,1,1,1,1
245,83,48,12,7.5,10,1,1,1
170,82,52,20,5,1,1,0,1
75,79,47,8,17,10,0,0,1
145,63,41,8,3.5,3,1,0,1
130,96,57,9,7.5,5,0,1,1
270,97,56,18,8,10,1,1,1
109,79,45,13,14.5,5,0,1,1
371,128,70,18,7,5,0,0,1
125,66,40,10,12,20,1,0,1
212,119,70,17,9,5,0,1,1
115,86,67,13,13.5,15,0,0,1
120,77,51,12,4.5,7,0,1,1
132,88,63,8,8,5,1,1,1
235,92,52,15,3.5,3,1,0,1
250,78,47,10,10.5,7,1,0,1
171,96,50,18,7,5,1,0,1
120,100,63,9,13,7,0,0,1
110,51,34,6,3.5,7,1,0,1
90,72,53,10,11.5,5,0,1,1
135,75,43,11,12.7,15,1,0,1
227,134,70,16,9,5,1,0,1
215,76,55,8,7.5,2,1,1,1
210,72,49,7,7.5,5,1,1,1
200,77,46,10,3,15,1,1,1
85,65,43,5,7.5,5,1,1,1
125,63,43,6,17,5,1,1,1
220,81,46,13,9,7,1,0,1
114,83,46,12,7,10,1,0,1
210,80,49,10,12.5,5,1,1,1
225,101,65,15,10.5,20,1,1,1
109,79,45,13,14.5,7,0,1,1
201,82,55,9,13.5,7,1,0,1
100,77,52,9,10.5,15,0,1,1
260,135,75,20,12.5,3,1,1,0
130,86,54,13,6,10,1,0,1
193,78,55,8,7.5,10,1,0,1
196,78,46,10,14.5,5,1,0,1
115,57,38,8,12,5,1,0,1
120,76,49,9,3,10,1,1,0
115,77,51,7,5,5,1,1,0
97,80,48,8,13,5,0,1,1
230,80,46,13,5,4,1,1,1
167,113,64,13,14.5,5,0,1,1
160,114,67,15,14.5,10,0,0,1
105,72,52,8,6,15,0,1,1
200,121,71,12,10,3,1,0,1
200,72,46,9,9,10,1,1,1
197,70,46,7,4.5,3,1,1,1
140,56,40,5,9,5,1,1,0
149,77,45,10,13,2,1,0,1
160,84,50,9,12.7,1,1,0,1
165,99,70,9,7.5,7,0,1,1
95,63,42,8,3.5,5,1,1,1
170,81,60,13,13,5,1,0,1
116,75,51,9,3.5,5,0,1,0
140,99,51,12,10.5,1,1,0,0
153,80,40,25,10.5,10,0,0,1
163,115,66,15,13.5,10,0,0,1
226,82,52,10,3,3,1,0,1
114,93,51,12,10,7,1,0,0
129,99,55,11,10.5,15,1,0,0
125,83,53,10,5,12,1,0,0
180,79,45,10,8,15,1,0,1
145,74,45,10,15.5,15,1,0,1
141,113,58,13,13.5,10,0,0,1
78,63,47,6,13.5,5,0,1,1
185,78,53,8,7.5,15,1,1,1
225,80,56,9,9,5,1,1,1
170,86,56,10,12,2,1,0,1
147,77,44,10,13,2,1,0,1
220,83,53,9,4.5,5,1,0,0
179,65,45,8,9,5,1,1,1
265,100,56,14,7,10,0,0,1
245,85,54,12,9,7,1,1,1
88,72,51,9,11.5,10,0,1,1
177,74,45,8,5,15,1,1,1
155,60,40,11,7.5,5,1,1,1
105,75,50,8,6.5,15,1,1,0
199,70,46,8,7.5,7,1,1,1
230,109,58,18,12.7,2,1,0,1
220,100,49,13,14.5,10,1,1,1
100,83,53,10,12,15,0,0,0
170,65,45,7,7.5,2,1,1,1
125,81,56,9,6,5,1,1,0
200,71,46,8,4.5,5,1,1,0
101,62,43,6,12,15,1,0,1
78,64,39,8,7,10,0,0,1
72,60,42,6,11.5,10,0,1,0
110,77,46,10,6,10,0,0,1
98,74,46,11,12.5,10,0,1,0
110,86,53,9,10.5,5,0,0,0
220,77,49,10,7.5,5,1,1,1
155,64,36,8,8,7,1,1,0
155,60,40,8,7.5,5,1,1,1
194,106,60,17,9,5,0,1,1
142,83,45,10,12.7,15,1,0,1
170,86,59,10,17,10,0,1,1
103,78,54,11,12,15,1,1,0
159,109,64,13,14.5,10,0,1,1
95,74,45,8,14.5,5,0,1,0
115,77,50,9,3.5,7,1,0,0
175,81,47,10,14.5,10,0,1,1
112,79,45,8,11.5,2,1,1,1
175,79,47,9,14.5,7,1,1,1
200,78,50,7,8,10,1,1,1
89,79,52,10,15.5,10,1,0,1
118,71,41,8,12,15,0,0,1
93,78,46,10,12,15,0,0,1
160,77,45,10,12,15,1,0,1
132,84,52,11,12.7,20,1,0,1
85,59,44,6,7,1,1,0,1
150,75,51,8,12,15,1,0,0
250,92,57,11,9,3,1,1,1
98,79,48,10,12,10,1,1,1
122,93,52,14,13.5,10,1,0,1
130,82,37,12,6,10,1,0,1
138,95,63,9,10,10,1,0,1
225,80,53,9,7,5,1,1,1
99,72,50,9,7.5,10,0,1,1
230,92,60,14,9,10,1,0,0
100,83,48,10,12,15,0,0,0
81,53,34,6,13,15,1,0,0
96,60,43,6,12,15,1,0,1
208,115,70,14,10,3,1,1,1
170,68,39,10,4.5,10,1,1,0
70,58,41,6,14.5,10,0,1,1
166,77,45,11,10.5,15,1,1,1
150,78,44,10,14.5,15,1,0,1
190,72,46,10,9,5,1,1,1
167,74,43,10,14.5,5,1,0,1
165,65,45,9,9,10,1,1,1
165,65,45,9,9,10,1,1,1
84,76,45,10,17,10,1,0,1
130,78,53,13,3.5,10,1,1,1
185,80,53,9,7.5,15,1,1,1
180,71,47,7,7.5,10,1,1,1
220,103,49,13,14.5,10,1,1,1
78,55,37,6,11.5,2,1,1,1
78,55,37,6,11.5,2,1,1,1
165,90,65,8,6,2,1,1,1
159,107,64,13,14.5,10,0,1,1
200,122,68,12,10,5,1,0,1
123,58,40,7,13.5,5,0,1,1
164,72,48,7,3.5,5,1,1,1
118,77,43,11,7,5,0,0,1
185,76,43,10,8,10,1,0,1
185,68,47,8,4.5,5,1,1,1
125,77,51,8,6,3,1,1,1
160,68,40,9,9,10,1,1,1
104,84,52,11,13,5,0,0,1
158,64,44,9,7,3,1,0,1
138,86,54,10,6,5,0,1,1
116,77,45,10,6,7,0,0,1
240,92,57,12,6.5,12,1,1,1
129,69,42,9,14.5,15,1,0,1
81,56,41,5,6,10,0,1,1
115,77,50,9,6,10,1,1,1
149,92,50,14,10,7,1,1,1
132,96,56,12,10.5,7,0,0,1
154,95,51,11,6.5,3,1,1,1
145,74,45,11,17,10,0,0,1
127,92,50,11,6.5,10,1,0,1
167,74,43,10,14.5,7,1,0,1
130,84,54,8,6.5,15,1,1,1
92,82,48,8,13,12,0,0,1
111,75,42,11,14.5,3,0,1,1
185,80,45,13,12,5,0,0,1
165,96,58,14,7,5,0,0,1
340,125,70,18,7,10,0,1,1
210,79,53,8,7,5,1,1,1
123,81,48,9,12,20,0,0,0
230,85,58,13,3,5,1,0,1
100,58,30,6,17,1,1,0,1
105,78,50,8,9,10,1,1,0
155,73,49,9,10.5,15,1,1,1
155,73,49,9,10.5,15,1,1,1
140,75,40,11,13,5,0,0,1
97,76,45,10,12,10,1,1,1
105,58,44,5,17,2,1,1,1
78,52,34,6,13,15,1,0,1
104,80,45,13,13,5,0,0,1
104,80,45,13,13,5,0,0,1
170,82,52,15,5,1,1,1,1
100,80,45,12,12.7,15,1,0,1
122,96,54,12,13.5,10,0,0,0
170,80,48,9,14.5,7,1,1,1
190,81,46,12,12,5,0,0,1
240,106,71,9,9,10,1,1,1
80,56,37,6,10,1,1,0,0
95,82,50,10,12,10,0,0,1
84,57,42,6,7.5,5,0,1,1
98,70,39,9,11.5,2,1,0,0
109,79,45,13,14.5,5,0,0,1
198,80,45,10,7,7,0,0,1
130,81,56,9,6,7,1,1,0
130,81,56,9,6,7,1,1,1
179,73,47,6,3,10,1,1,1
150,106,63,12,13.5,10,0,0,1
115,75,47,8,6.5,15,1,1,0
130,82,54,8,3.5,10,1,1,1
150,67,39,8,12,5,1,0,1
150,97,63,11,10,7,1,0,1
139,80,48,10,10.5,15,1,0,1
85,58,43,5,7,5,0,0,1
161,108,60,13,14.5,10,0,1,1
95,61,43,6,12,15,1,0,0
140,67,46,9,8,15,1,0,1
75,53,35,7,11.5,5,1,1,0
75,53,35,7,11.5,5,1,1,0
110,75,52,9,7.5,10,0,1,1
140,76,44,10,12,2,1,0,1
130,56,41,6,9,5,1,1,0
124,96,52,10,13.5,5,1,0,1
73,54,35,5,10.5,3,1,1,0
151,102,70,9,10.5,12,1,1,1
80,59,39,6,8,15,0,0,1
82,60,41,6,11.5,5,1,1,1
124,80,51,9,6,10,0,1,1
103,75,45,10,12,5,0,1,1
108,66,42,6,3.5,3,1,1,0
98,75,50,8,11.5,5,0,0,1
115,62,38,9,17,7,1,0,0
170,80,50,8,9,15,0,1,1
209,90,57,8,10.5,2,1,1,1
90,78,45,10,13.5,10,0,0,1
149,78,48,13,4.5,5,1,1,1
122,96,51,12,13.5,10,0,0,0
155,75,45,10,9,15,1,0,1
260,110,56,15,12.5,3,1,1,1
179,77,43,10,8,10,1,0,1
192,123,68,16,14.5,10,0,0,0
120,74,45,10,13,15,1,0,1
103,74,45,8,12,5,1,1,0
110,58,43,6,14.5,10,1,1,1
91,78,45,10,17,10,1,0,1
190,73,54,9,3,10,1,1,1
128,57,38,6,9,5,1,1,1
84,58,42,5,7.5,15,1,1,1
74,53,34,6,10.5,7,0,1,0
156,70,48,7,9,2,1,0,1
145,62,41,9,9,5,1,0,1
113,73,52,8,7.5,5,0,1,0
144,95,62,11,10,10,1,0,1
87,58,40,6,6.5,5,1,0,0
160,86,51,8,12,2,1,1,1
210,105,55,14,17,5,0,0,1
200,100,66,21,9,15,1,1,1
115,64,44,7,12,5,0,0,1
95,77,45,10,13,5,0,0,1
190,78,46,10,8,10,1,1,1
115,65,39,8,13,10,0,0,1
128,83,44,10,7,2,1,0,1
71,54,34,6,7,7,0,0,0
133,75,52,9,3,15,1,1,0
160,101,51,15,7,7,1,0,1
107,65,39,8,12.5,20,1,0,1
105,78,54,9,11,10,1,1,1
145,78,50,10,12,3,1,0,1
117,80,44,13,10.5,10,0,0,1
143,93,57,9,10.5,5,0,1,1
105,54,34,6,3.5,7,1,0,1
125,66,44,9,12.5,15,1,0,1
86,51,35,6,17,10,1,0,0
135,70,40,9,15.5,10,1,0,1
74,60,43,6,13.5,5,0,0,0
300,127,66,15,12.5,5,1,1,1
78,58,44,6,7,7,1,0,0
125,67,46,8,12.5,15,1,0,1
104,72,46,11,12.5,10,0,1,0
88,51,35,6,10.5,3,1,0,1
128,72,53,8,3,10,1,1,0
93,79,45,10,13,7,0,0,0
86,55,40,5,7,2,0,0,1
113,75,51,9,7.5,10,1,1,0
68,57,37,6,13.5,15,1,0,0
82,59,45,6,10,7,1,1,0
98,72,44,7,11.5,7,1,1,0
133,75,48,9,3,12,1,1,0
205,88,59,9,9,10,1,1,0
101,59,44,6,17,10,1,0,1
75,65,45,7,14.5,10,0,0,1
82,70,40,8,17,7,0,0,1
75,56,37,5,10,5,0,0,1
175,70,40,8,3,5,1,1,1
100,78,44,9,13.5,20,0,0,1
77,61,45,6,13.5,5,0,0,0
135,76,44,10,12.7,2,1,0,0
225,92,48,13,9,1,1,1,1
143,74,45,11,11,5,1,0,1
115,64,38,8,17,5,1,0,1
127,85,46,14,12,7,1,1,1
170,71,47,8,7.5,10,1,1,1
170,80,45,13,12,10,1,0,1
77,55,38,6,7.5,10,1,0,0
89,59,38,6,12,15,1,0,1
215,90,61,9,9,1,1,1,1
80,55,41,5,11.5,3,1,1,1
95,82,48,8,13,10,1,0,1
169,70,44,8,8,5,1,1,1
265,136,88,14,10.5,10,1,1,1
170,89,51,12,12.7,6,1,0,0
190,77,54,9,9,5,0,1,1
130,75,44,8,12.7,3,1,0,1
110,63,38,8,17,10,1,0,1
112,72,51,8,6.5,5,1,1,0
112,72,51,8,6.5,5,1,1,1
143,85,52,9,5,8,1,1,1
95,54,38,6,10.5,5,1,0,1
105,60,43,6,17,5,1,0,1
140,87,57,7,10.5,3,1,1,1
193,100,56,12,12,10,0,1,1
168,105,56,12,9,5,1,0,1
85,57,42,6,7.5,15,1,1,1
169,68,40,8,3,5,1,1,1
100,75,45,10,12,10,1,1,1
145,69,47,7,3.5,10,1,1,1
80,58,43,6,10,10,1,1,1
80,68,42,8,13.5,7,1,0,0
100,80,51,10,13.5,10,0,0,1
111,64,40,7,17,10,1,0,0
75,55,36,6,11.5,10,1,1,1
180,73,46,10,7.5,3,1,1,1
125,79,56,8,7.5,10,1,1,1
140,85,50,8,6.5,2,1,1,1
95,75,43,11,14.5,10,0,0,1
88,60,40,5,7,7,1,0,1
155,80,46,13,12,15,1,0,0
107,75,53,9,11.5,10,1,1,0
165,100,54,12,6.5,3,1,0,1
95,57,41,6,4.5,7,1,1,0
150,68,46,9,12,5,1,1,1
165,87,51,12,12.7,6,1,0,0
180,83,53,8,10.5,5,1,0,1
100,57,42,6,11,10,1,1,1
129,79,47,8,10.5,15,1,0,1
145,80,53,9,6,2,1,1,1
93,60,43,6,17,15,0,0,1
131,84,60,10,9,10,1,0,1
168,104,60,16,12,10,1,0,1
120,74,51,8,7,5,0,1,1
140,78,45,10,12,2,1,0,1
120,84,45,11,7,10,1,0,1
74,56,37,6,15.5,7,0,1,0
115,56,39,5,4.5,15,1,1,1
87,56,37,6,7,7,0,1,1
140,82,61,6,3.5,7,1,1,1
70,50,32,5,11.5,7,0,1,0
139,72,45,9,10.5,7,1,0,1
135,68,32,13,3,10,1,1,1
100,79,51,10,13.5,10,0,0,1
165,75,45,10,12.5,5,1,0,1
140,83,53,12,12,15,0,0,1
147,65,46,8,3,10,1,0,1
165,90,58,11,4.5,7,0,0,1
135,77,41,11,13,10,1,0,1
79,57,43,6,10.5,10,0,1,1
138,77,45,10,13,5,0,0,1
85,58,43,5,7,10,0,0,1
141,74,43,10,15.5,10,0,0,1
129,64,39,9,13.5,5,0,0,1
115,68,46,7,14.5,15,1,0,1
120,80,50,8,10.5,5,0,1,1
372,158,80,20,10.5,10,1,0,1
85,59,44,6,9,5,0,0,1
100,78,44,8,13.5,20,0,0,1
105,61,40,8,12,3,1,0,1
85,58,45,6,10,3,1,0,1
140,66,43,7,8,10,0,0,1
133,65,47,8,12.5,2,1,0,1
212,112,60,17,7,10,1,0,1
98,64,43,7,12,15,1,0,1
70,60,43,6,17,10,1,0,1
129,66,44,9,9,15,1,0,0
205,93,66,9,9,10,1,1,1
185,73,45,8,3,2,1,1,1
90,54,42,6,17,10,1,0,1
100,75,45,10,13.5,5,1,0,0
145,96,56,9,11,15,1,1,0
130,60,42,7,9,10,1,1,0
130,78,53,9,3.5,10,1,1,1
112,74,52,7,11,5,1,1,0
130,74,53,7,4.5,7,1,1,1
222,134,75,16,12,5,1,0,1
153,87,66,9,7.5,10,1,1,1
108,78,47,10,12,3,1,0,0
116,66,47,8,12,10,0,0,1
153,75,45,10,7,15,1,0,0
155,85,47,11,12.7,5,1,0,1
155,85,47,11,12.7,5,1,0,1
113,54,34,6,3,10,1,0,1
169,95,58,14,9,7,0,1,1
85,65,43,10,12,5,0,0,1
129,59,41,6,9,5,1,1,0
135,77,46,10,12.7,2,1,0,1
106,72,52,9,11.5,7,0,1,1
180,78,52,8,9,1,1,1,1
139,74,52,9,10.5,7,1,0,1
145,84,53,10,15.5,15,1,0,1
219,113,60,20,9,10,1,0,1
185,75,48,10,7,3,1,1,1
123,79,45,13,9,20,1,0,1
150,75,46,11,9,15,1,0,1
145,82,47,10,14.5,15,1,0,1
118,74,52,9,7.5,7,0,1,1
82,56,39,5,10.5,5,0,1,1
108,79,47,8,14.5,3,0,0,0
75,56,38,6,10,7,1,0,1
80,58,43,5,7,7,1,0,1
210,81,48,10,3,5,1,1,1
113,70,50,9,6,10,1,0,0
120,82,53,9,11.5,10,0,1,1
77,58,37,5,7,12,0,0,1
156,83,55,9,10.5,10,1,1,1
160,87,56,9,3,10,1,0,1
81,59,42,6,12,10,1,1,1
120,77,45,10,7,10,1,0,1
98,60,44,6,14.5,15,1,0,1
97,75,45,10,13,5,0,0,1
153,87,55,10,6.5,5,0,1,1
113,84,54,10,13,5,0,0,1
95,76,45,10,14.5,10,0,0,1
145,88,52,12,6.5,7,1,1,1
75,55,36,6,14.5,7,0,1,0
145,69,43,7,3.5,3,1,1,1
81,58,40,6,12.5,7,1,1,1
101,77,45,13,13,10,0,0,1
114,59,39,6,3.5,5,1,0,1
270,105,74,10,5,1,1,1,1
130,73,41,10,12,5,0,0,1
110,74,53,8,11,15,1,1,0
90,57,38,6,7.5,6,1,1,0
113,77,44,10,9,7,0,0,1
117,80,53,8,11.5,10,0,1,0
120,69,40,9,13.5,15,1,0,1
118,63,37,8,14.5,5,1,0,1
140,82,49,8,13,5,1,0,1
115,78,54,8,11.5,10,1,1,1
195,83,55,9,9,3,1,1,1
150,66,47,9,7,3,1,0,1
82,58,35,11,12.5,10,0,0,0
145,76,51,8,3,5,1,1,0
162,71,49,9,9,10,1,1,1
135,72,43,9,10.5,15,1,0,0
130,87,57,7,13.5,7,1,1,0
110,65,43,7,12,10,0,0,1
197,101,60,15,7,7,0,1,1
110,75,52,9,11.5,10,1,1,0
102,58,38,6,15.5,8,1,0,1
167,74,45,11,5,10,1,0,1
163,72,43,9,7,10,0,1,1
120,60,37,8,12,8,0,0,1
160,73,41,8,7,5,0,0,0
105,53,39,5,3.5,7,1,1,0
105,67,45,8,7.5,5,0,0,0
127,79,45,13,12,3,1,0,1
114,79,45,13,14.5,7,0,0,1
132,74,53,7,4.5,7,1,1,1
88,51,34,6,14.5,10,1,0,1
82,55,34,5,10.5,5,0,1,1
153,66,43,9,5,10,1,1,1
131,74,43,10,13.5,15,1,0,1
95,72,43,12,12.7,7,0,0,0
95,72,43,12,12.7,7,0,0,0
115,74,45,10,13,15,1,0,1
115,74,45,10,13,15,1,0,1
115,75,42,8,12,15,0,0,1
115,75,42,8,12,15,0,0,1
93,59,44,6,7,5,0,0,0
92,70,50,6,12,5,0,0,1
160,75,44,10,12,5,1,0,1
77,58,42,6,12.5,5,0,0,0
155,85,49,9,12,5,1,1,1
145,90,55,10,9,7,1,1,0
170,77,52,7,3,15,1,1,1
140,68,46,7,9,10,1,0,1
156,70,48,7,9,2,1,1,1
153,86,55,10,6.5,5,0,1,1
85,69,48,6,12,10,0,0,1
105,61,38,8,17,5,1,0,0
118,63,38,8,14.5,5,1,0,1
84,58,42,6,13,15,1,0,0
165,79,53,9,8,15,1,1,1
105,68,46,8,12,15,1,0,1
119,80,45,13,14.5,5,0,0,1
227,104,54,10,10.5,8,1,0,1
125,62,40,8,12.5,5,1,0,1
170,85,50,9,13.5,9,0,1,1
280,145,66,16,12.7,3,1,0,0
165,74,46,10,5,10,1,0,1
103,77,46,11,13,5,0,0,1
87,58,45,5,10,3,1,0,1
75,56,37,5,10,10,1,0,0
110,79,47,8,14.5,3,0,0,0
170,78,51,9,10.5,10,1,1,1
80,60,45,6,13.5,5,0,0,1
75,51,34,6,9,5,0,0,0
145,81,43,10,17,3,1,0,0
170,75,55,8,9,7,1,1,1
115,59,39,6,10,10,1,0,0
180,90,56,11,9,15,1,0,0
123,70,47,8,12,7,0,0,1
110,59,38,8,14.5,5,0,0,1
100,60,39,6,17,5,1,0,1
87,55,36,6,3.5,10,1,1,1
135,76,44,9,5,7,1,1,1
133,65,47,8,12.5,5,1,0,1
150,78,44,8,13.5,1,1,0,1
165,69,47,7,4.5,5,0,1,1
415,152,80,17,3,5,1,0,1
140,70,51,8,12.5,10,1,1,1
107,57,41,6,12.5,10,1,1,1
79,55,40,6,10.5,10,0,1,1
97,77,47,9,14.5,10,1,0,0
115,77,45,7,9,5,1,0,0
157,75,53,10,12.5,5,1,0,1
150,78,54,7,3.5,15,0,1,1
185,80,53,9,7.5,10,1,1,1
102,60,43,6,12,5,0,1,1
125,64,44,9,12,12,1,0,1
110,77,46,11,13,2,1,0,1
105,79,52,10,14.5,10,0,0,0
120,80,50,10,7,7,1,0,1
85,60,44,6,7,7,1,0,1
115,74,45,10,12.7,15,1,0,1
80,60,44,6,13.5,5,1,0,1
88,55,38,6,6.5,10,1,1,0
150,78,45,10,14.5,10,0,0,1
87,63,45,6,10,10,1,0,0
112,65,40,8,17,5,1,0,0
121,79,45,13,12,7,1,0,1
75,44,28,6,13.5,7,1,0,1
93,70,50,9,12.5,10,1,0,0
105,83,48,9,13,15,1,0,1
105,60,41,8,4.5,10,1,1,0
142,84,53,10,15.5,15,1,0,1
113,85,53,12,12.7,10,0,0,0
132,88,55,14,17,5,1,0,1
99,75,45,10,14.5,15,0,0,1
110,74,45,12,12.7,1,1,0,0
142,78,46,9,10.5,10,1,1,1
165,77,44,10,8,10,1,0,1
95,51,34,6,12,5,0,0,1
125,62,42,10,12,10,1,0,1
169,85,45,10,13.5,10,1,0,1
130,70,45,9,10.5,15,1,0,1
77,56,38,6,13.5,10,0,1,0
164,90,52,13,10,3,1,1,1
164,90,52,13,10,3,1,1,1
75,54,36,6,10,7,1,0,1
135,78,44,11,12.7,10,1,0,1
89,51,34,6,13.5,10,0,0,1
99,67,37,7,10.5,10,0,1,1
135,75,46,10,11,10,1,0,1
145,75,46,10,9,15,1,0,1
93,57,40,6,3.5,7,1,1,1
160,77,48,8,12,7,1,1,0
140,78,48,11,12.7,8,1,0,1
83,49,34,6,15.5,5,1,0,1
76,55,36,6,12.5,15,0,1,0
105,73,49,8,11.5,5,1,0,0
86,56,42,5,6.5,5,1,1,0
86,56,42,5,6.5,5,1,1,0
150,77,42,8,6,15,1,0,1
75,59,43,5,13.5,10,0,0,0
150,76,45,10,13.5,10,1,0,1
135,80,48,8,13,7,1,0,0
160,86,56,9,6,2,1,0,1
112,77,45,10,10,7,0,0,1
110,75,45,10,12,5,0,1,1
129,60,41,6,3,7,1,0,0
170,75,48,7,7.5,3,1,1,1
92,60,45,6,9,7,0,1,1
110,78,48,14,12,10,1,0,1
75,55,39,6,10,10,1,0,0
205,87,58,9,7.5,5,1,1,1
85,59,40,6,10,5,0,0,1
160,79,51,12,3,8,1,1,1
110,66,43,7,13.5,15,0,0,1
112,73,51,8,10.5,7,0,1,1
137,76,50,15,11,7,1,1,1
82,54,35,6,9,10,1,1,0
130,57,42,6,4.5,5,1,1,1
130,80,46,10,10.5,15,1,0,1
128,70,42,6,14.5,3,1,1,1
121,80,45,13,14.5,5,0,0,1
143,82,45,10,12,10,1,0,1
85,58,39,7,7,5,1,0,1
77,59,38,6,12,10,0,1,0
129,86,55,10,10.5,10,0,0,0
140,79,53,8,7,2,1,0,0
94,72,46,10,14.5,9,0,0,1
125,77,46,10,10.5,15,1,0,1
115,67,42,9,3.5,7,1,1,1
95,72,43,12,12.7,10,0,0,0
130,77,53,9,7,8,1,1,1
120,77,44,10,13.5,5,0,1,1
96,60,45,6,12,10,1,0,1
80,58,38,6,7,10,1,0,1
88,56,36,6,17,10,0,0,1
190,112,55,16,7,10,1,0,1
100,75,45,10,13,5,0,0,1
100,75,45,10,13,5,0,0,1
108,75,50,10,12,3,1,0,1
142,70,45,9,3.5,3,1,0,1
102,64,47,6,17,10,1,0,1
128,70,50,8,5,5,1,1,0
170,79,52,9,9,7,1,0,1
137,74,44,10,15.5,8,0,0,1
79,58,41,6,12.5,5,0,0,0
87,56,37,6,7,7,0,0,1
105,53,36,5,7.5,10,1,1,0
105,53,36,5,7.5,10,1,1,0
97,76,44,10,12,10,1,0,0
106,83,44,10,12,10,0,0,1
75,55,36,6,13.5,15,0,1,0
200,87,60,15,11.5,3,1,1,1
117,79,45,13,14.5,7,0,0,1
80,61,44,7,12,5,0,0,1
115,68,43,9,6.5,5,1,0,1
149,95,57,8,10.5,15,0,1,1
85,55,35,6,10.5,5,0,1,0
130,73,47,9,11,10,1,1,1
80,56,37,6,12,10,1,1,0
125,80,45,13,12,5,0,1,1
100,78,45,10,13,7,1,0,1
100,76,45,10,12,15,0,0,1
90,56,41,5,6,15,1,1,1
110,65,45,11,7,7,1,0,1
105,77,54,8,10.5,12,1,0,0
180,72,45,10,3,3,1,1,1
140,78,46,9,10.5,10,1,1,1
113,77,50,8,12.5,15,0,1,0
145,85,54,11,8,10,0,1,1
125,78,44,13,12,5,1,0,1
167,78,54,8,9,10,1,1,1
88,55,36,6,9,5,1,1,0
181,86,51,11,10.5,10,0,0,0
80,59,43,6,13.5,5,0,0,1
105,65,40,7,17,10,1,0,0
112,66,41,8,17,5,1,0,0
135,65,38,8,7.5,10,1,1,1
115,74,54,9,11,12,1,1,0
138,77,45,11,10.5,10,1,0,1
115,80,54,12,12.7,5,0,0,1
106,76,43,12,13,5,0,0,0
85,55,38,6,10.5,5,0,1,0
110,70,40,6,12,2,1,1,0
130,72,44,9,6,5,1,1,1
127,77,40,11,13,10,0,0,1
115,74,48,11,13,15,1,0,1
125,74,45,10,14.5,15,0,0,1
135,85,53,9,10.5,7,0,1,0
73,61,41,6,13,10,0,0,0
115,84,53,12,12.7,15,1,0,1
145,74,43,10,12.5,10,1,0,1
110,71,43,10,14.5,20,0,0,1
135,74,48,10,7.5,3,1,1,0
115,57,42,6,10.5,4,0,1,1
190,81,51,14,9,3,1,1,1
155,75,46,10,12,5,1,0,1
87,54,34,6,17,1,1,0,1
95,60,43,6,17,10,1,0,1
125,75,53,8,11,3,1,1,1
185,95,57,12,5,5,1,0,0
96,60,38,6,12,5,0,0,1
84,59,46,6,10,15,1,0,1
125,80,47,10,12,15,0,0,1
118,78,52,9,11,5,1,1,1
77,60,43,6,12,6,0,0,1
130,64,35,6,9,1,1,1,1
144,66,45,8,9,7,1,1,1
82,56,39,6,10,5,1,0,1
110,60,41,6,12,10,1,0,1
160,69,47,8,3,10,1,1,1
108,73,51,8,12.5,15,0,1,1
95,73,43,11,12.7,10,1,0,0
80,52,34,6,17,10,1,0,0
155,81,44,10,13.5,10,0,0,1
147,75,45,10,7,15,1,0,1
138,68,46,8,9,10,1,0,1
80,51,34,6,13.5,15,0,0,1
82,62,44,6,12.5,10,0,0,0
115,76,45,11,12,5,1,0,1
150,80,48,13,14.5,10,0,0,1
126,79,44,13,10.5,10,0,0,1
160,80,55,8,8,15,1,1,1
97,58,42,5,12.5,15,1,1,1
128,84,53,10,12,5,1,0,1
83,50,34,6,15.5,5,0,0,1
144,76,43,10,13.5,10,0,0,1
86,56,34,7,7.5,10,0,0,0
110,77,46,9,15.5,3,1,0,1
80,52,36,6,10.5,15,1,1,0
170,106,64,13,12,15,1,0,1
145,76,48,9,13.5,10,0,0,1
79,56,37,6,11.5,5,1,0,1
95,64,39,8,12,15,1,0,1
127,73,43,11,13,5,1,1,1
176,104,55,11,9,5,1,0,1
114,80,45,13,12,7,1,0,0
115,64,38,8,14.5,7,1,0,1
82,60,42,7,13.5,5,0,0,1
117,82,44,10,13,2,1,0,1
105,76,40,11,12.7,5,0,0,1
162,90,61,10,10.5,3,1,1,1
135,68,46,8,12.5,7,0,0,1
170,80,46,10,10,5,1,0,0
80,60,44,6,13.5,7,0,0,1
102,60,40,8,8,5,0,1,1
113,85,46,10,12,15,0,0,1
120,83,56,10,12,15,1,1,1
92,66,44,9,11.5,7,1,0,0
95,54,36,5,3.5,15,1,1,1
125,78,53,8,8,10,1,0,0
185,75,47,9,3,3,1,1,0
105,65,39,8,17,10,1,0,0
165,78,54,8,9,10,1,1,1
149,94,57,8,10.5,15,0,1,1
98,74,44,10,12,15,1,0,0
189,86,55,10,9,10,1,1,1
96,68,45,10,12.5,15,0,0,1
108,76,45,10,12,10,0,1,0
103,76,45,10,13,5,0,0,1
105,63,44,7,17,3,1,0,1
94,64,45,6,17,15,1,0,1
195,86,60,10,9,5,0,1,1
135,100,50,10,15.5,10,1,0,1
147,80,45,13,4.5,15,1,0,1
99,76,45,10,12,10,1,0,1
130,80,38,11,12.7,10,1,0,1
136,78,48,9,12.5,15,1,0,1
115,73,52,9,10.5,15,1,1,1
135,72,45,10,14.5,2,1,0,1
85,55,40,6,11,5,0,1,1
122,79,45,13,12,10,1,0,1
130,76,46,11,13,5,0,0,1
116,75,44,13,12,10,1,0,1
260,110,71,18,4.5,7,1,1,1
92,65,45,7,12.5,5,1,0,1
78,56,39,6,12,5,1,1,0
78,51,34,6,13,5,0,0,1
120,80,45,9,12.7,15,1,0,1
78,59,42,6,12.5,10,0,0,0
125,74,46,8.5,12,5,1,0,1
105,65,40,8,17,10,1,0,1
105,66,44,7,3.5,10,1,0,1
123,74,44,12,9,7,0,0,1
92,68,44,10,10.5,10,0,0,1
189,80,52,10,7,1,1,1,1
114,75,45,10,12.7,15,0,0,1
145,90,52,9,12,15,1,1,0
209,99,63,9,9,10,1,1,1
104,72,48,9,10.5,10,1,0,0
98,54,36,5,3.5,12,1,1,1
123,85,51,10,12.7,3,1,0,1
180,90,58,8,10.5,2,1,0,1
80,58,38,7,13.5,5,0,0,1
96,60,45,6,12,5,0,0,1
96,60,45,6,12,5,0,0,1
96,60,45,6,12,5,0,0,1
73,51,34,6,7,7,1,0,1
98,58,43,6,14.5,10,0,0,1
128,80,45,13,12,15,1,0,1
90,65,46,7,14.5,5,1,0,1
115,61,42,5,3.5,10,1,1,0
108,65,40,8,17,5,1,0,1
108,65,40,8,17,5,1,0,1
120,57,43,6,8,5,1,1,0
138,65,47,9,5,10,1,0,1
165,74,41,9,6.5,5,1,1,1
165,74,41,9,6.5,5,1,1,1
160,75,47,10,9,10,1,1,0
120,67,45,7,13.5,10,1,0,1
104,67,43,11,12,15,1,0,1
135,73,53,8,11,15,1,1,1
137,78,51,9,6,15,1,1,1
144,80,48,13,15.5,10,1,0,1
144,80,48,13,15.5,10,1,0,1
112,66,44,7,8,20,1,0,1
108,80,52,10,12,10,0,0,1
109,75,45,10,13.5,5,1,0,0
140,67,46,8,8,5,1,0,0
84,59,45,5,10,15,1,0,1
110,83,47,10,17,10,1,0,1
110,83,47,10,17,10,1,0,1
136,74,45,10,10,15,1,0,0
83,55,38,7,11,10,1,1,0
155,74,43,10,9,5,0,0,1
85,67,46,6,12,15,1,0,1
135,74,51,9,10.5,7,1,1,1
129,72,44,10,6,5,1,0,0
115,85,52,10,12,10,1,0,1
135,76,50,8,10.5,15,1,0,1
125,68,48,7,3,15,1,1,1
90,67,40,8,12,5,1,0,1
99,62,39,8,17,10,1,0,1
82,62,44,6,13.5,10,0,0,1
100,76,45,10,12.7,15,1,0,1
85,55,41,5,11,5,0,1,1
100,77,45,8,12,15,0,0,0
125,75,52,9,10.5,5,0,1,1
115,80,48,12,12.7,5,0,0,1
138,66,44,14,4.5,2,1,0,1
160,98,52,12,10,7,1,0,1
103,64,45,6,17,5,1,0,1
160,93,59,6,12.5,15,1,1,1
118,86,54,10,12,15,1,0,1
90,58,43,6,17,10,1,0,1
83,60,42,6,12,7,0,0,1
145,75,45,10,7,15,1,0,1
145,75,45,10,7,15,1,0,1
115,77,45,7,9,15,1,0,0
85,53,34,6,10.5,3,1,0,1
105,75,45,10,12,5,0,0,1
95,67,45,10,12,10,0,0,1
115,65,45,6,13.5,7,1,0,1
85,59,42,6,10.5,7,0,0,0
102,76,46,10,12,15,0,0,0
100,75,45,9,14.5,10,0,0,1
83,64,42,9,17,10,0,0,0
100,77,41,10,12.7,10,1,0,1
145,80,46,10,3.5,2,1,0,0
114,68,44,8,10.5,10,1,0,1
79,49,33,6,14.5,10,1,0,0
79,51,34,6,12,7,0,0,1
80,58,43,6,11.5,10,1,0,1
108,66,43,7,17,5,1,0,1
108,66,43,7,17,5,1,0,1
105,77,45,10,14.5,10,0,0,1
94,55,41,5,13.5,10,1,1,1
90,61,43,6,12.5,3,1,0,1
162,90,53,13,10,7,1,1,1
89,64,39,8,14.5,5,0,0,0
85,60,43,6,12,5,1,1,1
115,68,44,9,12,7,1,0,1
150,74,48,12,12,5,1,0,1
133,83,46,12,13.5,10,1,1,1
86,50,34,6,12,10,0,0,0
108,66,44,7,17,5,1,0,1
112,68,41,10,12,10,1,0,1
105,57,40,6,4.5,5,1,1,1
160,85,56,12,6.5,10,1,1,1
105,82,48,8,13,10,0,0,1
170,80,53,9,8,3,1,0,1
139,68,46,8,9,5,1,0,1
169,80,50,8,10,5,1,1,1
185,91,50,12,10.5,10,1,0,1
177,103,54,11,9,5,1,0,1
124,79,44,13,12,10,1,0,1
95,55,35,8,7.5,7,1,1,1
80,60,44,6,13.5,10,0,0,1
80,60,44,6,13.5,10,0,0,1
119,71,52,8,8,10,0,1,0
112,68,44,9,7.5,7,1,0,1
125,78,38,11,12.7,10,1,0,1
87,64,46,7,12,5,1,0,1
120,80,52,14,12,7,1,0,1
130,72,44,10,6,5,1,0,0
115,77,44,7,12,10,1,1,1
135,74,42,10,7.5,5,1,1,1
107,66,42,9,8,7,0,0,1
81,56,37,6,11.5,5,1,0,1
110,60,45,6,12,5,1,0,1
135,81,53,8,11.5,4,1,1,1
115,63,40,8,12.5,10,0,0,1
130,78,54,8,7.5,10,0,0,1
156,90,51,13,10,5,1,0,1
123,75,45,10,12.7,10,1,0,1
123,75,45,10,12.7,10,1,0,1
85,58,39,6,10,7,0,0,1
105,55,40,6,9,7,0,0,1
84,59,38,6,7,10,1,0,1
140,65,44,8,4.5,5,1,0,1
93,70,40,10,12,10,1,0,0
140,76,44,11,13.5,10,0,0,1
91,60,45,6,10.5,5,0,0,1
138,70,45,8,10.5,10,1,1,1
128,78,54,9,6.5,5,1,0,1
135,80,47,9,12,7,0,0,1
103,64,45,7,13.5,15,1,0,1
112,60,39,6,3.5,3,1,0,1
95,65,39,8,12,15,1,0,1
82,59,38,6,13.5,5,1,0,1
125,78,52,7,11,7,1,1,1
92,60,40,6,12,10,0,0,1
79,54,36,6,12.5,10,0,1,1
110,60,37,9,12.5,7,1,0,1
150,69,46,8,7.5,7,1,1,1
83,51,34,6,15.5,3,1,0,1
150,76,45,10,12,5,1,0,1
130,78,58,10,14.5,15,0,0,1
180,81,53,9,8,7,1,1,0
135,76,45,10,6,7,0,0,1
108,66,43,7,17,2,1,0,1
78,56,38,6,13.5,5,0,0,0
155,75,43,8,7,5,0,0,1
118,68,49,11,7.5,7,1,0,0
118,68,49,11,7.5,7,1,0,0
130,75,48,13,12.7,5,0,0,1
90,66,43,6,15.5,5,1,0,0
120,65,38,7,11,10,1,1,1
127,82,50,10,10.5,7,0,0,0
125,60,41,6,3,7,1,0,1
145,81,46,10,15.5,5,1,0,1
93,64,45,7,14.5,3,1,0,1
93,64,45,7,14.5,3,1,0,1
116,76,45,10,7,10,1,0,1
100,60,39,9,15.5,10,1,0,1
122,64,46,8,12.5,7,0,0,1
150,85,57,10,9,7,1,1,0
105,65,39,8,12,5,0,0,1
134,83,44,10,13,10,1,0,0
118,75,44,9,7,5,0,0,1
100,64,38,8,14.5,15,0,0,1
83,53,34,6,12.5,15,1,0,1
80,56,38,6,7,10,1,0,1
165,78,46,10,5,10,1,0,1
163,73,48,9,7.5,5,0,1,1
108,75,54,9,17,5,1,0,0
126,80,46,13,14.5,5,0,0,1
87,61,43,6,12,15,1,0,1
87,61,43,6,12,15,1,0,1
165,84,57,9,10.5,7,1,0,0
113,78,44,10,12,10,1,1,0
99,65,44,7,10.5,5,1,0,1
115,64,45,7,13.5,7,1,0,1
99,74,44,10,12,10,0,0,0
110,63,45,7,13.5,10,1,0,1
140,70,45,10,9,10,1,0,1
134,84,52,8,12,7,1,1,1
159,75,48,9,8,10,1,1,1
120,74,44,10,12.7,10,1,0,1
137,70,45,8,10.5,10,1,1,1
125,77,46,10,13.5,5,0,1,1
145,73,43,11,9,10,0,0,1
115,64,45,7,13.5,5,1,0,1
154,72,42,11,6.5,5,1,0,1
81,60,44,6,13.5,10,0,0,1
110,79,46,10,13,5,1,0,1
95,72,44,10,12.7,10,1,0,0
128,65,44,7,9,5,0,0,1
178,74,46,9,3,3,1,1,0
71,49,34,6,10,10,1,0,1
170,100,57,10,13.5,15,0,0,0
145,85,58,8,12,4,1,1,1
78,52,35,6,12,10,1,0,1
130,83,46,10,10.5,1,1,0,1
137,69,44,10,9,10,1,0,1
82,60,42,6,12.5,10,1,0,0
110,63,43,9,15.5,3,1,0,0
106,76,46,10,13,5,0,0,1
83,52,34,6,14.5,10,0,0,0
160,77,42,8,6,5,0,0,1
135,78,44,10,15.5,10,1,1,1
88,61,42,6,12.5,5,1,0,1
96,65,45,7,12.5,15,1,1,1
84,63,44,7,14.5,10,0,0,1
140,85,52,11,9,10,0,0,1
176,86,54,8,9,10,1,1,1
136,76,44,10,14.5,9,0,0,1
173,80,50,8,6,10,1,1,1
130,79,46,10,13,10,0,1,1
87,55,38,5,6.5,5,1,1,1
95,60,43,6,9,5,0,0,1
95,60,43,6,9,5,0,0,1
85,64,45,6,13,5,0,0,1
95,65,47,8,13.5,5,1,0,1
130,77,45,10,12,7,1,0,1
72,54,35,6,13.5,10,1,0,1
92,64,39,8,12,7,0,0,1
149,77,45,9,12,5,1,0,1
85,65,46,7,13,7,0,0,1
95,67,41,9,13.5,7,0,0,1
120,63,43,9,12,1,1,0,0
115,72,50,8,10.5,10,0,1,1
92,59,41,6,7.5,12,1,0,1
140,83,47,9,10.5,5,0,1,1
110,65,44,8,10.5,10,1,1,1
82,60,44,6,14.5,7,0,0,1
115,80,48,11,12.7,5,0,0,1
82,56,42,6,10,10,1,0,0
90,61,44,6,12,5,1,0,0
127,65,43,7,9,5,0,0,1
140,81,55,8,9,7,0,1,0
117,81,46,10,12.5,10,1,0,1
87,63,42,7,13.5,7,1,0,1
82,60,45,6,13.5,10,0,0,1
140,86,51,10,12.7,10,1,0,1
84,60,43,6,14.5,5,0,0,1
93,57,43,5,12.5,15,1,1,1
111,81,45,9,14.5,10,0,0,0
84,60,45,6,13.5,7,0,0,1
84,60,45,6,13.5,7,0,0,1
160,98,50,12,10,10,1,0,1
85,64,45,7,15.5,10,1,0,0
127,76,54,6,9,5,0,0,0
105,56,43,6,3,10,1,1,1
133,83,45,10,13,10,1,0,0
112,63,45,7,13.5,7,0,0,1
82,55,36,6,10,7,1,0,0
105,75,45,10,14.5,10,0,0,1
160,72,50,9,7.5,5,0,1,1
118,72,43,10,12.7,2,1,0,0
110,77,45,10,12,5,0,0,1
93,59,39,6,15.5,10,1,0,1
115,62,38,8,11.5,5,1,0,1
94,64,45,7,14.5,3,1,0,1
180,85,55,10,10.5,5,1,1,1
112,76,54,8,10.5,15,1,1,0
93,64,41,7,14.5,3,1,0,1
93,65,39,8,12.5,7,0,0,1
125,77,40,11,13,10,0,1,1
85,60,40,6,13.5,5,0,0,1
160,80,56,9,12,5,1,1,1
99,65,40,8,17,12,1,0,0
107,56,32,5,7.5,7,1,1,0
115,76,45,10,12,15,0,0,1
82,61,40,6,13.5,10,0,0,1
140,84,48,9,12,10,0,1,1
159,81,56,8,7.5,15,1,1,0
140,80,51,7,7.5,7,1,1,1
95,62,38,8,12.5,3,1,0,0
89,51,34,6,3.5,10,1,0,0
92,57,40,6,12.5,2,1,1,1
95,56,42,7,3.5,10,1,1,0
131,80,46,13,12,7,1,0,0
85,59,40,5,12.5,5,0,0,1
130,83,50,9,6.5,10,1,0,1
95,66,44,10,14.5,7,0,0,1
220,107,71,9,9,10,1,1,1
95,60,46,5,10.5,5,1,0,1
115,58,41,5,7.5,7,1,1,0
84,60,44,6,13.5,7,0,0,1
160,93,57,12,12.7,5,1,0,1
85,58,44,6,10.5,10,1,0,0
125,82,52,12,13.5,10,0,0,0
147,76,46,10,12,3,1,0,1
79,54,35,5,12.5,10,0,1,1
118,84,48,9,12.7,5,0,0,1
123,77,46,10,13,10,1,0,1
89,60,43,6,15.5,5,1,1,1
80,56,44,6,11,8,1,1,0
128,74,43,10,13.5,12,1,0,1
90,57,43,6,12,5,1,1,1
87,64,45,9,15.5,12,1,0,0
130,74,50,8,10.5,5,0,1,1
130,77,48,10,17,5,1,0,1
103,64,40,8,17,5,1,0,1
118,79,45,13,15.5,10,1,0,1
89,60,44,6,14.5,7,1,1,1
105,75,45,10,17,7,0,0,1
88,60,43,6,12.5,5,1,0,1
131,78,46,10,17,5,1,0,1
235,101,59,15,8,7,1,1,1
98,60,45,5,7.5,7,1,0,0
90,66,43,9,15.5,10,1,0,0
89,64,45,6,12.5,15,1,0,1
169,84,62,10,6.5,1,1,0,1
131,74,42,10,13.5,10,1,0,1
92,59,38,6,15.5,10,1,0,1
84,62,44,7,14.5,10,0,0,1
86,58,38,8,11.5,7,1,0,1
86,61,42,6,12,7,0,1,1
115,80,45,10,13.5,10,0,0,1
120,69,45,9,7.5,5,1,0,0
108,66,44,9,12,5,1,0,1
119,80,51,8,11.5,15,1,0,1
90,55,35,6,14.5,5,0,0,1
170,84,55,11,3,15,1,1,0
145,94,50,12,17,10,1,1,1
142,70,47,8,7.5,5,1,0,1
116,85,45,10,12,15,0,0,1
137,77,54,8,3.5,10,1,1,1
125,77,45,10,12,10,1,0,1
93,59,44,5,14.5,10,1,0,1
130,65,44,9,9,5,1,0,1
220,98,60,9,4.5,10,1,1,1
80,52,35,6,14.5,12,0,0,1
95,58,42,6,7.5,15,1,1,1
120,75,43,10,17,10,1,0,1
128,68,50,9,12.5,5,0,0,1
115,79,45,13,13,7,0,0,1
140,74,45,10,12.5,2,1,0,1
97,53,34,6,9,5,1,0,1
99,63,38,8,10.5,5,1,0,0
110,75,50,10,13.5,10,0,0,1
177,80,50,9,4.5,2,1,0,0
108,56,41,6,3.5,5,1,1,0
79,52,37,6,12,7,0,0,0
240,106,60,17,4.5,10,1,1,1
105,75,45,10,12,7,1,0,1
144,80,51,10,13.5,10,1,0,1
160,80,51,13,7.5,5,1,1,1
145,71,43,8,9,5,1,1,0
113,69,47,8,17,3,1,0,1
95,68,45,9,14.5,10,0,0,1
93,58,42,6,12,5,0,1,0
95,67,45,9,13.5,10,0,0,0
108,80,48,8,12,10,0,0,1
108,80,48,8,12,10,0,0,1
85,56,42,6,12,10,1,1,1
120,76,45,10,13,10,1,0,1
97,72,43,10,12.7,10,0,0,1
154,75,36,12,7,5,1,0,1
169,77,52,8,7,3,1,1,1
89,58,42,6,9,10,0,0,0
89,64,45,7,12,5,1,0,1
155,85,53,7,4.5,10,1,0,0
95,65,47,9,13.5,7,1,0,1
97,55,35,6,9,10,1,0,1
100,57,43,5,11.5,10,1,1,1
165,78,46,18,5,10,1,0,1
136,74,45,10,13.5,5,0,0,1
165,89,57,9,7,5,0,0,1
95,62,45,7,12.5,10,1,1,1
113,54,34,11,3,10,1,0,1
110,76,45,10,12,5,1,0,1
148,84,52,8,6.5,3,1,1,1
200,101,68,10,11,10,1,1,1
162,75,52,12,3.5,5,1,1,1
105,64,38,8,14.5,10,0,0,1
85,61,45,6,13.5,10,1,0,1
132,69,44,8,8,10,1,0,1
143,75,54,10,6.5,7,1,1,1
105,78,45,10,13,10,0,0,1
84,58,43,5,12,15,1,1,0
84,58,43,5,12,15,1,1,0
114,76,45,10,12,15,0,0,1
150,71,44,9,8,5,1,1,1
94,63,38,8,17,12,1,0,0
105,64,40,7,7,10,1,0,0
100,64,41,7,12,5,1,0,1
93,67,47,6,12,5,0,0,1
108,58,40,6,10.5,7,1,1,1
137,80,50,12,10.5,15,1,1,1
106,58,42,6,12,5,1,1,1
164,79,51,9,7,5,0,0,1
100,58,42,5,12,10,0,1,1
101,66,39,8,17,10,1,0,1
95,63,38,8,12.5,5,1,0,1
105,75,42,8,13.5,10,0,0,1
110,80,46,10,12,15,0,0,1
115,78,46,10,12.7,3,1,0,1
104,77,45,10,12.7,15,1,0,0
105,66,40,8,17,5,1,0,1
117,85,44,10,12,10,0,0,1
129,80,46,10,12,10,0,0,1
105,63,43,7,10.5,15,1,0,1
215,86,58,12,3,5,1,1,1
143,77,42,10,6,5,0,0,1
113,77,46,10,13,15,1,0,1
150,84,48,10,13.5,10,0,0,0
87,61,42,9,13.5,10,1,0,1
90,61,49,6,12,10,1,0,1
78,57,37,6,13.5,10,1,0,1
126,64,44,7,8,2,1,0,0
86,60,42,7,12,10,0,0,1
101,55,38,6,7,10,1,0,0
140,68,47,8,9,5,1,1,1
180,81,50,11,7.5,5,1,1,0
85,55,40,6,12.5,7,1,1,0
122,79,48,10,12.7,12,1,0,1
108,64,43,9,3.5,10,0,0,0
81,60,46,6,14.5,15,0,0,0
153,76,46,10,9,5,0,0,1
130,79,45,10,12,5,1,0,1
120,64,43,6,11.5,2,1,1,1
90,55,37,6,7.5,7,0,0,1
130,81,49,9,13,10,0,1,1
95,59,43,6,15.5,5,0,0,1
97,63,44,7,11.5,5,1,0,0
135,81,48,8,15.5,7,1,0,1
107,74,44,11,13,5,0,0,0
119,66,45,8,7,7,0,1,0
93,61,38,8,13,7,0,0,1
115,67,41,9,14.5,7,0,0,1
92,59,41,6,11,10,1,1,1
155,72,52,7,3,5,0,0,1
105,57,42,6,3,15,1,1,1
94,61,44,6,12.5,3,1,0,1
85,60,43,6,14.5,6,0,0,1
198,110,59,13,14.5,10,1,0,1
130,68,41,10,10.5,5,0,0,1
135,80,45,13,12.5,5,0,0,1
79,60,44,6,15.5,15,1,0,0
138,79,47,10,7,10,0,0,1
138,79,47,10,7,10,1,0,1
150,70,50,9,7.5,7,1,1,1
112,63,35,8,11,7,1,0,1
117,61,44,6,4.5,5,1,1,1
92,69,47,6,12,10,0,0,0
138,86,50,10,13.5,10,1,1,1
140,75,46,9,10.5,10,0,0,1
93,57,43,6,10.5,15,0,0,1
107,77,46,10,12,10,1,0,1
92,63,38,8,12,10,0,0,1
80,56,38,5,11.5,10,1,0,1
104,73,44,10,13,5,0,0,1
133,80,48,10,10.5,10,1,0,0
92,60,44,6,12,5,0,0,1
100,65,39,9,17,10,1,0,1
95,65,46,8,13.5,7,0,0,0
92,63,39,8,14.5,5,0,0,0
165,76,52,9,8,2,1,1,1
145,75,53,9,8,15,1,1,1
92,63,38,8,14.5,5,0,0,0
162,78,48,11,6.5,1,1,1,1
90,59,45,6,12,5,0,0,0
122,74,50,8,10.5,10,1,1,0
90,60,45,5,10.5,10,0,0,1
120,77,48,8,12,15,1,1,1
115,60,39,6,4.5,10,1,0,1
98,61,38,8,12,15,1,0,1
95,60,37,8,12.5,15,1,0,1
105,77,40,10,12,15,0,0,1
73,54,37,6,14.5,10,1,0,1
104,67,44,10,11.5,8,1,0,1
90,55,36,6,12.5,10,1,0,1
110,76,45,10,14.5,10,0,0,1
124,78,55,8,13.5,10,1,1,1
270,105,74,18,5,1,1,1,1
120,77,45,10,13,10,1,0,1
160,80,51,8,3,10,1,1,1
155,75,44,10,9,5,0,1,1
140,66,42,8,7,2,1,1,0
95,65,46,8,12.5,10,1,0,1
81,56,39,6,11.5,10,1,0,1
110,81,45,10,13,12,1,0,1
81,54,36,6,10,10,1,0,1
108,66,45,10,12,5,1,0,1
97,68,46,8,12,5,1,0,1
99,58,39,7,7.5,5,1,0,1
168,75,46,10,6.5,1,1,1,1
105,78,44,10,13,15,1,0,1
150,78,46,10,9,10,0,0,1
93,64,45,7,13.5,7,0,0,1
99,65,46,6,17,7,1,0,1
143,75,45,9,10.5,7,1,0,1
119,78,53,8,10.5,10,1,1,0
83,59,44,6,13.5,10,0,0,1
95,60,43,6,14.5,10,1,0,1
92,61,44,6,12.5,5,1,0,1
110,57,40,5,7.5,7,1,1,0
111,57,40,6,9,3,1,1,1
129,80,48,10,12.7,7,1,0,1
99,57,42,6,12,10,1,1,1
86,58,38,6,11.5,7,1,0,1
152,73,48,8,3,15,1,1,1
110,80,43,10,12,15,0,0,1
156,79,54,8,9,10,1,1,1
150,76,45,10,7,10,0,0,1
113,63,42,9,7,5,0,0,1
103,74,43,10,13,7,0,0,1
135,84,45,11,12,10,0,0,1
105,75,46,10,13,7,0,0,0
120,77,45,10,13.5,5,0,0,1
72,52,35,6,13.5,10,0,0,1
135,80,45,10,10.5,5,0,0,1
91,61,44,7,13.5,5,1,0,1
96,60,45,6,15.5,5,1,0,1
140,76,44,10,12.5,5,1,0,1
140,76,44,10,12.5,5,1,0,1
119,68,45,8,6,10,1,0,1
115,80,41,13,12,15,1,0,1
95,64,40,8,15.5,15,1,0,1
83,53,34,6,14.5,8,0,0,0
125,85,46,10,12,5,0,0,1
85,61,43,6,12,15,1,0,1
90,58,42,6,10.5,15,1,1,1
110,74,45,10,12,15,0,0,1
135,77,47,10,13.5,10,0,0,1
90,60,40,8,13.5,5,1,0,0
102,74,43,10,17,12,0,0,1
84,58,43,6,14.5,5,0,0,1
87,58,33,5,11.5,5,1,0,1
130,78,51,8,10.5,10,0,1,1
158,78,51,8,9,7,1,1,1
146,80,46,10,7.5,10,1,1,1
86,59,42,5,11.5,10,1,0,1
89,60,42,6,12,7,0,0,1
98,66,44,7,11.5,10,1,0,1
125,76,45,10,15.5,10,0,0,1
130,77,47,11,11,7,1,0,1
120,77,47,12,13.5,10,1,0,1
103,60,43,6,12.5,5,1,0,1
85,57,39,6,11.5,7,1,0,0
110,75,44,10,17,5,0,0,0
85,50,35,6,11,8,0,0,1
100,72,42,10,14.5,20,0,0,0
128,68,44,11,4.5,12,1,0,0
150,81,55,9,9,5,0,1,0
99,72,43,10,12.7,10,1,0,1
103,70,44,10,15.5,7,1,0,1
170,100,57,14,12,10,1,0,0
108,69,36,9,12.5,5,0,0,0
98,56,33,6,8,10,1,0,0
115,68,46,8,13.5,10,1,0,1
119,77,45,10,13,10,0,0,1
165,82,54,10,6,5,1,1,1
93,60,38,8,12,5,1,0,1
105,58,43,6,3.5,12,1,1,1
165,78,52,12,7.5,5,0,0,1
108,78,46,10,12.7,10,1,0,1
160,80,54,9,9,10,1,1,1
105,65,39,11,12,5,0,0,1
185,99,67,9,9,10,1,1,0
145,80,49,11,12.5,10,0,0,1
150,86,53,9,11.5,1,1,0,1
86,54,36,6,9,15,0,1,0
195,83,55,10,4.5,3,1,1,0
72,49,34,6,7,10,0,0,1
150,76,45,10,9,5,0,0,1
125,64,43,7,4.5,10,1,0,1
175,95,48,12,10,2,1,0,0
115,77,46,10,13.5,10,0,0,1
99,66,41,8,13.5,15,1,1,1
100,70,44,8,15.5,7,0,0,0
120,76,45,10,12,10,0,0,1
120,64,43,7,9,5,0,0,1
99,60,44,6,12.5,10,1,0,1
194,105,58,11,9,5,1,0,1
95,63,39,8,12,10,1,0,1
107,64,44,9,15.5,5,1,0,1
79,60,43,5,12,10,0,0,0
85,55,42,6,14.5,5,1,1,1
145,78,44,10,3.5,2,1,0,1
92,62,39,7,12,10,1,0,1
95,63,39,8,14.5,15,1,0,1
135,80,51,13,13.5,5,0,0,1
148,90,55,8,13.5,7,0,1,0
150,81,54,9,9,5,0,1,0
123,74,48,10,12.5,15,1,0,1
130,75,44,11,13.5,10,0,0,1
158,78,49,14,9,4,1,1,1
120,76,51,9,13.5,5,1,0,1
110,65,45,7,13.5,7,1,0,1
95,62,43,7,12,7,1,0,1
109,66,46,8,15.5,5,1,0,1
85,61,45,6,13.5,15,1,0,1
85,61,45,6,13.5,15,1,0,1
99,66,39,8,17,10,1,0,0
107,75,45,9,13,15,1,0,1
133,85,50,9,12,10,0,0,1
115,71,42,10,12,5,1,0,0
94,59,43,5,14.5,5,0,0,1
93,55,39,6,8,10,1,1,0
90,65,45,7,12,7,1,0,1
110,75,43,10,13.5,15,0,0,1
118,74,44,10,12.7,4,1,0,1
190,100,50,16,7,10,1,0,1
83,58,38,6,12.5,10,1,0,0
110,77,46,9,13,5,1,0,0
95,58,39,6,9,5,1,0,0
83,56,37,6,10,15,1,0,1
106,63,44,7,12.5,10,1,0,1
170,102,58,12,13,5,1,0,1
150,87,55,10,12,3,1,0,1
128,85,52,10,14.5,10,0,0,0
110,75,53,10,10.5,15,1,0,0
105,69,43,6,17,5,1,0,1
112,79,47,10,17,10,1,0,1
90,60,45,6,13.5,5,1,0,1
130,72,45,10,11.5,10,1,0,0
84,57,42,5,12.7,10,1,1,1
200,113,64,11,13.5,10,0,0,1
121,81,46,8,12,2,1,0,1
115,66,37,7,11,7,1,0,1
118,67,44,8,6,10,1,0,1
125,83,48,9,12,3,1,0,1
125,83,48,9,12,3,1,0,1
136,64,38,8,3,3,1,0,1
127,78,46,10,17,5,1,0,1
149,84,46,10,13.5,7,0,0,1
88,60,44,6,12,10,0,0,0
135,72,46,8,10,5,1,0,1
79,50,34,6,14.5,5,0,0,1
130,72,42,9,12,5,1,0,1
92,68,53,6,13,10,0,0,1
150,80,53,8,9,3,1,1,1
96,60,43,6,13.5,10,1,0,1
120,80,48,13,12,10,1,0,1
89,61,44,6,12.5,10,1,0,1
77,51,34,6,7,7,1,0,1
106,58,44,6,7,10,0,0,0
92,63,39,8,15.5,5,1,0,1
107,74,45,10,14.5,15,0,0,1
97,55,35,6,9,7,0,0,1
98,60,43,7,13.5,10,1,0,1
96,60,43,6,14.5,7,1,0,1
128,75,45,10,17,3,1,1,1
165,78,47,9,5,10,1,1,1
77,60,44,6,13,15,1,0,0
101,65,44,8,11.5,7,1,0,1
110,77,46,10,12.7,7,0,0,1
106,67,45,9,12,7,0,0,1
142,90,51,12,12,10,0,1,1
110,76,45,10,14.5,15,0,0,1
89,60,44,6,10.5,3,1,0,1
90,58,43,6,13.5,2,1,0,1
108,81,48,8,13,15,0,0,1
99,58,44,6,10.5,10,1,0,1
85,60,43,7,12,5,0,0,1
105,67,48,8,13.5,15,1,0,1
103,64,45,7,15.5,5,1,0,1
115,66,40,8,12.5,5,1,0,0
105,64,45,6,13.5,7,1,0,1
120,77,43,8,10.5,10,0,0,1
162,86,58,9,12,8,1,1,1
91,64,45,7,14.5,10,1,0,1
94,63,39,8,14.5,5,0,0,1
79,59,43,6,12,10,0,0,0
125,78,45,10,12,7,0,0,1
123,77,45,10,17,7,1,0,1
240,105,55,23,10,5,1,0,1
86,60,44,6,13.5,10,0,0,1
455,192,92,18,7.5,5,1,0,1
99,62,45,6,13.5,10,1,0,1
94,64,45,7,12.5,12,1,0,1
119,77,53,8,10.5,10,1,1,0
108,76,46,10,12,10,1,0,1
118,78,46,10,13.5,10,1,0,1
97,56,43,5,6.5,7,1,1,1
115,65,39,9,12.5,3,1,0,0
107,68,46,8,10.5,10,0,0,1
90,60,38,8,12,10,0,0,0
122,75,46,11,13.5,15,1,0,1
180,91,58,8,11,2,0,1,1
125,80,45,11,12,2,1,0,1
85,57,43,6,12,12,1,1,0
115,60,44,6,6.5,5,1,0,1
100,63,42,7,13.5,15,1,1,1
118,64,43,9,10.5,7,0,0,1
115,75,47,10,13,10,1,0,1
90,60,43,6,13.5,5,0,0,0
95,64,39,8,12.5,10,1,0,0
110,75,45,8,13.5,10,0,0,0
190,84,55,9,4.5,5,1,1,1
79,51,34,6,13.5,10,1,0,1
79,51,34,6,13.5,10,1,0,1
95,64,45,7,12.5,10,1,0,1
95,61,38,8,11.5,7,1,0,1
105,63,42,8,12,15,1,1,1
83,57,44,6,17,10,0,0,1
85,60,43,10,13,7,0,0,0
83,60,38,9,12,10,1,0,0
91,62,38,7,13.5,7,0,0,0
87,58,37,7,13.5,15,0,0,1
85,58,40,5,14.5,10,0,1,1
120,80,45,13,12,10,1,0,1
105,63,39,8,12.5,10,1,0,1
125,90,54,8,12,15,0,0,1
200,88,60,7,3,5,1,1,1
135,79,45,13,15.5,7,1,0,1
72,50,34,7,17,10,1,0,1
117,77,44,10,17,3,1,0,0
120,68,47,8,12.5,5,0,0,0
96,59,42,6,13.5,7,1,0,1
114,75,54,7,12,7,1,1,1
115,78,46,10,12,15,0,0,1
100,66,43,7,12,7,0,0,1
168,84,54,8,7.5,10,1,1,1
120,80,47,9,13.5,10,0,0,1
89,65,40,8,13,7,0,0,1
92,60,44,6,12.5,15,1,0,0
140,68,44,10,5,7,1,0,1
145,72,50,7,4.5,5,1,1,0
130,83,48,9,12.7,5,1,0,1
115,79,47,11,12,10,1,0,1
127,81,49,8,12,5,1,0,1
150,80,44,12,11.5,5,0,0,1
90,60,43,6,12,5,0,0,1
109,67,45,11,13.5,5,0,0,1
91,65,39,8,13,5,0,0,1
95,65,46,7,12.5,15,1,0,1
90,51,35,6,7,3,1,0,1
145,78,47,8,11,8,1,1,1
130,72,47,10,13.5,7,1,1,0
94,60,44,6,15.5,5,1,0,1
89,62,38,9,13,4,0,0,0
151,86,54,10,10.5,5,0,0,1
91,60,44,6,12,10,1,1,1
101,55,39,6,4.5,12,1,1,0
98,64,43,7,17,5,0,0,1
110,74,44,10,13.5,15,0,0,1
105,67,45,9,12,7,0,0,1
110,77,45,10,12,10,0,0,1
98,63,39,7,14.5,10,0,0,0
85,57,40,6,14.5,10,0,1,1
100,68,53,6,12,10,1,0,1
170,76,50,10,5,5,1,1,1
88,63,37,8,13,5,0,0,1
105,56,42,6,3,15,1,1,1
150,76,50,8,9,7,1,1,1
105,65,47,9,12.5,5,1,0,1
105,77,46,8,12,15,0,0,0
85,60,40,7,12,5,0,0,1
110,75,43,10,12.7,5,1,0,1
185,86,47,8,3,3,1,1,1
185,79,47,10,3,3,1,1,1
138,65,44,9,4.5,2,1,0,1
123,83,50,11,12.7,15,1,0,1
107,69,45,10,12,10,1,0,1
95,64,45,6,12.5,10,1,0,1
95,64,45,6,12.5,10,1,0,0
114,74,44,11,12.7,10,1,0,1
82,57,46,6,12,10,1,1,1
85,57,37,5,12,7,0,0,1
85,57,37,5,12,7,0,0,1
105,75,45,10,13,10,0,0,1
96,60,45,6,10.5,15,1,0,1
170,79,50,9,4.5,2,1,0,0
135,72,49,8,8,5,0,1,1
105,68,41,8,17,5,1,0,0
145,75,46,10,7,10,0,0,1
98,65,44,9,14.5,7,0,0,1
110,68,45,6,12.5,10,1,0,1
127,76,42,10,13.5,10,0,0,1
132,78,46,10,12.5,12,1,0,0
110,69,44,10,12,5,1,0,1
195,110,55,11,12,1,1,1,1
127,79,46,10,17,5,1,0,1
94,64,45,6,12.5,12,1,0,1
145,73,45,7,9,1,1,1,1
125,78,60,11,14.5,10,0,0,1
76,53,39,6,12,10,1,0,1
132,76,43,8,12.5,5,1,0,1
93,62,37,8,12.5,10,1,0,1
152,79,53,8,9,3,1,0,1
89,55,37,6,10.5,10,1,1,1
105,66,48,8,12,1,1,0,0
95,56,39,5,9,7,1,1,1
120,63,40,8,6,7,1,1,1
158,78,48,9,9,4,1,1,1
97,57,42,6,13.5,5,0,1,1
106,70,43,10,12.7,10,1,0,0
190,87,62,10,4.5,5,1,1,1
115,69,46,6,12,5,1,1,1
119,75,46,10,12,7,0,0,0
107,76,44,9,13,15,1,0,1
137,83,48,12,15.5,10,1,0,1
140,75,54,8,12,5,1,1,0
90,56,40,5,12.5,5,1,1,1
110,67,41,9,13.5,10,0,0,0
140,82,47,11,12.5,10,1,1,0
117,70,39,8,12.5,12,1,1,1
130,67,46,7,9,5,1,1,1
85,58,39,6,12.5,10,1,0,0
164,101,51,15,12.7,5,1,0,1
95,58,38,6,12,8,1,0,1
110,70,40,9,13.5,5,1,0,0
136,78,45,10,12,10,1,0,0
85,58,37,6,13.5,15,0,0,1
98,68,44,8,10.5,10,1,0,1
87,60,43,6,13.5,10,0,0,1
87,60,43,6,13.5,10,0,0,1
98,58,42,6,12,10,1,1,1
77,50,34,6,13.5,2,1,0,1
121,77,46,10,12.5,10,1,0,1
125,76,47,11,11,7,1,0,1
95,63,40,8,12.5,10,1,0,1
143,80,47,9,12.5,3,1,0,1
112,75,42,10,12,5,0,0,1
90,56,42,6,12.5,7,1,1,1
80,50,34,6,11.5,10,1,0,1
94,61,38,9,12,5,0,0,1
180,88,55,11,6,3,1,0,1
94,65,45,7,14.5,10,1,0,0
117,78,44,10,12,5,1,0,1
113,75,45,10,13,10,1,0,1
175,83,55,9,3,15,1,1,1
135,79,48,9,10.5,5,1,1,0
115,76,40,11,12.7,10,1,0,1
100,65,46,6,15.5,7,1,0,1
108,64,40,9,12,10,0,0,1
119,77,40,10,12.7,5,0,0,1
125,80,45,13,13,10,0,0,0
85,60,43,6,12,5,1,0,1
128,77,47,12,11,7,1,0,1
86,61,43,6,13.5,15,1,0,1
148,74,51,9,7.5,10,1,1,1
113,80,48,8,12,10,1,0,1
98,59,39,6,7.5,10,0,0,1
75,51,36,6,17,5,0,0,1
113,80,46,10,13,10,0,0,1
150,85,61,8,12,7,1,1,1
99,57,42,6,6.5,7,1,1,1
145,73,50,9,9,7,1,1,0
268,121,60,16,7.5,5,1,0,1
185,90,54,13,7.5,7,1,1,1
113,78,47,10,12,10,1,0,1
78,55,37,6,10.5,7,1,0,1
129,79,46,13,12,15,1,0,1
130,75,45,10,12,10,0,0,1
116,75,46,10,13.5,10,0,0,1
93,63,40,8,11,12,1,0,1
108,57,40,6,9,3,1,1,1
110,76,46,10,13,7,1,0,1
73,51,34,6,13.5,10,1,0,1
147,74,49,9,7.5,10,1,1,1
78,51,33,6,7,7,1,0,1
85,59,38,6,13.5,10,1,0,1
134,69,47,8,5,10,1,0,1
103,74,45,9,13,10,1,0,1
127,74,53,8,11,10,1,1,1
115,78,44,10,12,7,1,0,1
93,66,39,8,14.5,15,1,0,1
95,65,45,7,15.5,7,1,0,1
88,60,42,6,11,10,1,1,1
135,81,44,10,14.5,7,0,0,1
105,66,40,8,12.5,5,1,0,1
105,66,40,8,12.5,5,1,0,1
118,80,45,13,12,15,1,0,1
125,73,52,8,11,10,1,1,1
94,64,38,9,12,11,0,0,1
93,64,38,8,14.5,10,1,0,1
105,66,44,7,13.5,10,1,0,1
110,65,41,11,12.5,15,1,1,1
147,80,50,8,7.5,5,0,0,1
110,57,37,7,9,1,1,1,1
118,83,44,10,12.7,10,1,0,1
105,68,46,8,15.5,10,1,0,0
105,73,45,8,11,10,1,0,0
125,75,45,10,13.5,10,0,0,1
135,74,44,10,10.5,7,1,0,0
119,80,48,10,12.7,12,1,0,1
88,60,44,6,13.5,10,0,0,1
95,63,39,8,17,1,1,0,1
78,58,37,6,12,10,0,0,1
132,77,43,8,12.5,5,1,0,1
135,82,48,9,10.5,10,0,0,0
93,61,45,6,14.5,10,1,0,1
103,69,44,9,14.5,10,0,0,1
92,63,38,8,12,10,0,0,1
99,65,40,8,12.5,10,1,0,1
114,75,44,10,13,2,1,0,1
132,77,41,10,10,7,0,0,1
95,60,43,7,12.5,5,1,0,1
140,74,53,8,11,5,1,1,1
122,68,44,8,10.5,5,0,0,1
96,65,40,8,14.5,15,1,0,0
89,60,38,6,13.5,7,1,0,1
105,66,46,11,12,7,1,0,0
92,64,38,8,10.5,15,1,0,0
160,79,54,9,7,3,1,0,1
130,74,45,10,12,1,1,0,1
155,77,50,8,8,5,0,1,1
92,58,42,6,13.5,7,1,1,1
96,64,41,9,13.5,12,1,0,1
105,74,45,10,13,10,1,0,0
93,59,38,6,13.5,7,1,0,0
132,80,54,10,12,10,1,0,1
90,63,44,6,17,5,1,0,1
110,65,46,7,12.5,5,1,0,1
110,68,46,8,13.5,10,0,0,1
73,51,34,6,12,7,1,0,0
73,51,34,6,12,7,1,0,0
88,60,44,6,17,7,0,0,1
120,83,49,9,12,10,0,0,1
120,66,43,10,9,10,0,0,1
102,65,44,7,15.5,5,1,0,1
98,65,44,7,11.5,15,1,0,1
160,82,54,8,9,7,1,1,1
107,75,44,10,12.7,10,1,0,1
125,75,46,10,14.5,7,0,0,1
130,78,46,10,14.5,7,1,0,1
120,65,44,8,9,5,1,0,1
95,57,42,6,6.5,7,1,1,1
130,70,47,8,9,5,1,0,1
140,80,51,10,13.5,10,1,1,1
106,68,47,8,13.5,7,0,0,1
110,65,40,8,12.5,5,1,0,0
110,77,47,10,13,10,1,0,1
112,76,40,11,12.7,7,0,0,1
155,72,53,8,3,10,1,1,1
103,63,38,9,12.5,10,1,0,1
87,59,44,6,13.5,10,1,0,1
160,90,60,12,12.7,1,1,1,1
100,65,41,8,14.5,5,0,0,1
140,81,50,7,12,10,1,1,0
135,72,51,8,9,5,1,1,1
86,58,43,6,17,5,1,0,1
140,73,44,10,10.5,5,1,1,0
112,77,45,10,17,10,0,0,1
115,81,47,9,12.7,10,1,0,0
135,82,46,13,12,5,1,0,1
200,100,60,12,7,7,0,0,1
90,57,40,5,13.5,10,1,1,1
180,83,58,10,3,10,1,1,1
98,60,47,6,14.5,7,1,1,0
158,88,61,9,10.5,15,1,1,1
90,57,42,6,11,5,1,1,1
135,75,46,10,7,12,0,0,1
90,60,42,6,17,3,1,0,1
99,63,43,9,13.5,7,0,0,1
103,64,44,10,15.5,7,1,0,1
114,73,44,10,13.5,10,0,0,0
112,74,44,11,12.7,10,1,0,1
94,64,45,7,14.5,10,0,0,1
157,80,48,9,7,5,0,0,1
78,51,34,6,13.5,10,1,1,1
126,74,43,10,12.5,3,1,0,1
87,57,45,6,12,15,1,0,1
130,79,44,10,13.5,10,0,0,1
103,64,40,8,10.5,10,0,0,0
89,60,45,6,13.5,10,0,0,1
90,61,45,6,13.5,15,1,0,1
86,58,44,6,17,5,1,0,1
131,79,45,12,14.5,5,0,0,1
140,89,51,10,12,3,1,0,1
130,73,52,7,11,5,1,1,1
132,78,46,14,12.5,12,1,0,0
70,52,34,6,12,10,1,0,0
112,75,45,10,12,7,1,0,1
112,67,38,7,10.5,10,0,1,1
120,74,40,12,12.7,7,1,1,1
74,51,35,6,13.5,10,1,0,0
74,51,35,6,13.5,10,1,0,0
107,73,47,9,17,15,0,1,0
145,84,53,19,15.5,15,1,0,1
100,65,39,8,14.5,10,0,0,1
103,67,43,9,13.5,10,0,0,1
130,74,48,12,12,15,1,1,1
117,75,42,10,12,5,1,0,1
87,58,38,6,12,15,1,0,0
185,108,65,12,13.5,10,0,0,1
100,66,44,6,12.5,10,1,0,1
84,59,44,6,12,10,1,0,1
80,54,35,6,12,8,1,1,0
94,65,45,7,17,10,1,0,0
82,51,35,6,12.5,5,1,0,1
95,61,37,6,13.5,7,1,0,1
120,81,48,8,13,7,1,0,1
125,76,45,10,13.5,10,0,0,1
102,65,44,7,13.5,10,1,0,1
170,87,58,8,7.5,7,1,1,1
110,73,45,10,15.5,10,1,0,1
85,59,45,6,12,5,1,0,1
82,57,42,5,12.7,10,1,1,1
140,66,47,6,4.5,2,1,1,0
110,77,40,11,12.7,15,1,0,1
138,66,44,9.5,4.5,3,1,0,1
100,60,43,7,12.5,5,1,0,1
115,78,48,10,12,10,0,0,0
85,56,36,5,10.5,15,0,0,1
120,74,53,8,10.5,10,1,1,1
90,60,40,7,13.5,9,1,0,1
94,64,43,9,12,7,1,0,1
98,64,42,7,14.5,5,0,0,1
105,72,43,10,12,10,1,0,1
130,78,46,11,13.5,10,1,0,1
138,66,44,9,4.5,2,1,0,1
110,70,42,10,14.5,7,0,0,1
152,95,62,10,12.7,5,1,0,1
115,79,48,9,13,7,1,0,1
107,72,43,10,13,5,0,0,0
105,65,40,8,13.5,7,1,0,1
92,60,41,6,14.5,7,1,0,0
87,58,44,5,10.5,5,1,0,1
117,78,45,11,13,10,0,0,1
96,63,45,6,12.5,10,1,0,1
140,78,46,11,12,5,1,0,1
96,63,38,8,12.5,15,1,0,1
105,68,43,9,13.5,10,1,0,1
92,60,45,6,15.5,5,1,0,1
114,75,44,10,12.7,7,1,0,1
87,60,43,6,12,7,0,0,1
115,65,47,8,13.5,3,1,1,1
138,69,45,9,4.5,5,1,0,1
126,80,40,14,12,10,0,0,1
120,75,45,10,14.5,10,0,0,1
124,77,44,10,14.5,5,0,0,1
230,110,52,17,11.5,5,1,1,1
127,74,45,11,12,10,0,0,0
129,76,48,10,12.5,5,0,0,1
118,75,46,10,17,5,1,0,1
105,60,35,8,11,5,1,1,1
85,58,41,7,14.5,10,0,0,1
200,102,73,10,9,7,1,0,1
93,62,38,7,17,3,1,0,1
126,83,50,9,14.5,15,1,0,0
120,79,44,10,13,3,1,0,1
139,73,51,9,7.5,10,0,1,0
110,76,50,8,13,10,1,0,1
112,65,44,9,13.5,1,1,0,0
88,60,43,6,12,5,0,0,0
116,75,42,9,13.5,10,0,0,1
88,60,44,10,12,10,0,0,0
90,62,46,8,14.5,15,0,0,1
88,59,44,6,13.5,10,1,0,1
112,76,46,10,12,10,0,0,1
86,53,36,7,11.5,5,1,0,0
110,71,44,8,15.5,7,0,0,1
83,60,44,6,17,10,1,0,1
97,64,45,7,13.5,10,1,0,1
317,135,70,20,9,2,1,0,1
110,65,39,9,12.5,2,1,0,0
137,76,50,9,11,7,1,1,1
95,61,43,6,14.5,5,1,0,1
123,66,43,8,10,5,1,1,1
136,78,46,10,12.5,5,0,0,0
95,65,45,7,14.5,12,1,0,1
139,86,51,10,10.5,7,0,0,1
110,60,40,7,9,7,0,1,1
95,64,45,7,14.5,10,1,0,1
135,77,50,8,10.5,10,0,1,1
148,92,61,10,10.5,15,1,1,1
178,80,54,9,3,5,1,1,1
115,66,38,7,11,7,1,1,1
107,75,44,8,12,10,1,0,0
81,53,34,6,12.5,10,1,0,0
130,75,44,10,12.5,5,1,0,1
108,67,45,8,14.5,5,0,0,1
102,58,41,6,11,5,1,1,1
120,68,45,8,10.5,5,0,0,1
113,75,45,10,12,7,1,0,1
96,60,40,8,12.5,10,1,0,1
95,60,44,6,12,10,1,0,0
125,78,50,9,13.5,15,1,1,0
87,56,35,6,12,7,1,0,1
110,77,40,12,12.7,15,1,0,1
150,78,50,9,9,5,1,1,1
90,59,45,6,15.5,5,0,0,1
108,64,40,9,12,10,0,1,1
127,74,42,9,12,5,1,0,1
115,79,46,10,12.7,10,1,0,1
115,81,50,8,13,10,1,0,1
73,50,35,7,17,5,1,0,0
88,64,46,7,17,15,1,0,0
115,76,54,9,13,5,1,0,0
100,57,40,6,8,5,1,0,1
110,74,45,10,12.7,7,1,0,1
94,62,38,8,17,3,1,0,1
85,55,35,6,12,10,1,0,1
119,74,52,8,10.5,10,1,1,1
145,85,52,11,14.5,5,0,0,1
145,85,52,11,14.5,5,0,0,1
140,81,50,13,15.5,2,1,0,1
116,82,44,10,12.7,15,1,0,1
105,66,44,7,13.5,7,0,0,1
105,66,44,7,13.5,7,1,0,1
127,74,44,8,11,10,1,1,0
185,90,52,12,6,7,1,0,1
88,59,44,6,14.5,10,1,0,1
95,55,42,5,10.5,5,0,1,1
131,76,45,10,12,7,1,0,1
115,76,45,10,12.7,5,0,0,1
83,61,38,6,13,10,0,0,0
125,77,44,10,14.5,7,1,0,1
75,51,34,6,14.5,7,0,0,1
158,78,48,12,9,4,1,1,1
93,59,38,6,13.5,10,1,1,0
130,80,45,13,12,5,0,0,1
108,66,43,11,13.5,10,1,0,1
135,83,53,9,13.5,10,0,0,1
185,108,62,12,13.5,10,0,0,1
120,64,46,6,7,3,1,0,1
110,67,45,8,13.5,5,0,0,1
93,61,43,6,14.5,7,0,0,1
100,55,38,6,3.5,5,1,1,0
115,77,46,10,12.7,7,1,0,1
160,80,52,9,7.5,7,1,1,0
142,77,44,10,7,10,0,0,1
142,77,44,10,7,10,0,0,1
108,58,41,6,9,3,1,1,1
110,66,45,10,11.5,10,1,0,1
105,72,43,10,13,10,1,0,0
122,81,46,13,12,15,1,0,1
110,76,45,10,13,10,1,0,1
114,77,45,10,12,10,0,0,1
114,77,45,10,12,10,0,0,1
99,60,39,8,12,5,0,0,1
175,79,50,9,4.5,1,1,1,0
79,51,34,6,13.5,5,1,0,1
110,60,44,6,7,5,0,0,1
85,59,43,6,13.5,15,0,0,1
103,67,43,9,15.5,7,1,0,1
120,78,43,12,14.5,15,0,0,1
93,64,44,6,17,5,1,0,1
152,81,54,8,7.5,12,1,1,1
83,55,37,6,12,5,1,1,1
110,67,44,9,11.5,10,0,0,1
130,81,48,9,13.5,10,0,0,1
105,57,44,6,9,5,1,1,0
113,76,46,10,13,7,1,0,1
120,67,46,10,9,10,1,0,1
94,56,33,8,11.5,3,1,0,1
116,68,43,8,6.5,10,1,1,1
103,63,38,8,10.5,10,0,0,1
80,50,34,6,12,5,0,0,0
86,56,39,6,12.5,10,0,0,1
107,67,41,9,12.5,10,1,0,1
107,67,46,8,13.5,7,0,0,1
120,75,45,10,13.5,10,0,0,1
94,61,44,6,12.5,10,1,0,1
105,58,41,6,7.5,10,1,1,1
120,80,45,13,12,15,1,0,1
95,66,39,8,14.5,15,1,0,1
171,90,63,10,10.5,3,1,0,1
92,61,33,7,10.5,10,1,1,0
140,77,46,10,8,10,1,0,1
87,60,43,6,12,5,0,0,1
150,77,45,10,5,10,1,0,1
140,77,45,10,10,5,1,0,1
85,60,38,6,17,7,1,0,0
85,60,38,6,17,7,1,0,0
110,67,49,6,12.5,10,1,1,0
86,59,43,6,17,5,1,0,1
120,59,45,6,3,3,1,0,1
120,82,44,11,12.7,12,1,0,1
84,60,43,6,12,10,1,0,1
140,80,45,13,13.5,5,0,0,1
95,64,45,6,14.5,10,1,0,1
145,76,44,24,12.7,2,1,0,0
112,72,50,9,17,10,1,1,0
102,58,40,6,10.5,5,1,1,0
126,68,47,8,8,5,0,0,1
92,60,44,6,15.5,3,1,0,1
94,61,42,6,12.5,10,1,0,1
127,77,46,10,12.5,10,1,0,1
99,66,44,8,12,5,1,0,0
130,75,45,8,11,10,1,1,1
110,77,46,8,12,12,0,0,0
95,64,45,7,17,5,1,0,1
80,54,37,6,12,7,1,1,0
110,75,45,10,12.7,10,1,0,1
117,76,43,10,12,5,1,0,1
91,60,44,6,14.5,7,1,0,1
94,65,40,8,14.5,15,1,0,1
110,74,44,10,13,7,1,0,1
90,61,43,6,14.5,10,1,0,1